기록일시(KST),가격,24h변동%,OI(BTC),OI추세,Notional OI(USD),TopTrader L/S(계정) 추세,TopTrader L/S(포지션) 추세,Global L/S 추세,Taker BuySellRatio(최근),Taker 구간 Min,Taker 구간 Max,Mark Price,Index Price,Basis,Funding Rate(%),다음 정산(KST),BTC 시총(USD),OI/시총비율(%),해석(자동)
2026-09-15 10:59:55,77888.1,1.033,103274.353,103504.7→103243.5,8043843134,1.2041→1.3170,2.0380→2.1363,1.1589→1.2517,1.9659,0.4886,3.4467,77888.2,77919.01783,-30.81782609,0.004116,2026-09-15 17:00,1566037417022,0.5136430999,데이터 부족
2026-09-15 11:09:55,77922,0.915,103320.263,103518.2→103232.6,8050921533,1.2051→1.3207,2.0489→2.1731,1.1561→1.2548,0.9881,0.4886,3.4467,77940,77962.9163,-22.91630435,0.004156,2026-09-15 17:00,1564070717170,0.5147415296,중립·박스권
2026-09-15 11:19:55,77879.5,0.793,103156.454,103467.5→103214.9,8033773059,1.2065→1.3261,2.0528→2.1795,1.1570→1.2614,3.592,0.4886,3.592,77890.28955,77927.75978,-37.47023189,0.004603,2026-09-15 17:00,1565910759038,0.5130415647,중립·박스권
2026-09-15 11:29:55,77919.3,0.563,102995.958,103517.3→103101.0,8025372950,1.2139→1.3283,2.0637→2.1796,1.1631→1.2645,2.0006,0.4886,3.592,77919.2,77964.02413,-44.82413043,0.004758,2026-09-15 17:00,1566421818186,0.5123379193,중립·박스권
2026-09-15 11:39:55,77856.8,0.545,102919.332,103467.3→102970.0,8012969848,1.2202→1.3326,2.0747→2.1792,1.1744→1.2696,1.3304,0.4886,3.592,77853.75841,77884.47457,-30.71615218,0.004436,2026-09-15 17:00,1564431493476,0.5121969151,중립·박스권 · 계정/포지션 L/S 디버전스(소액↔대형 반대 포지셔닝 가능성)
2026-09-15 11:49:55,77789.2,0.314,102931.619,103479.6→102891.9,8006968297,1.2232→1.3326,2.0750→2.1787,1.1772→1.2696,1.7168,0.4886,3.592,77793.59242,77834.11196,-40.51953623,0.004593,2026-09-15 17:00,1563400513679,0.5121508038,중립·박스권
2026-09-15 11:59:55,77883.3,0.395,102984.766,103351.1→102904.0,8020793426,1.2282→1.3337,2.0859→2.1771,1.1801→1.2696,0.9742,0.6426,3.592,77883.11871,77907.66913,-24.55042029,0.004773,2026-09-15 17:00,1564149353422,0.5127894858,완만한 롱 우위 가능성 · 계정/포지션 L/S 디버전스(소액↔대형 반대 포지셔닝 가능성)
2026-09-15 12:09:55,77755,-0.015,103306.498,103348.7→103133.9,8032596752,1.2346→1.3359,2.0936→2.1751,1.1867→1.2717,0.4421,0.4421,3.592,77755,77783.03717,-28.03717391,0.004867,2026-09-15 17:00,1561918197296,0.5142776853,신규 숏 유입 가능성 · 계정/포지션 L/S 디버전스(소액↔대형 반대 포지셔닝 가능성)
2026-09-15 12:19:55,77730,0.02,103378.714,103250.3→103305.4,8035627439,1.2351→1.3332,2.1057→2.1932,1.1872→1.2650,0.7166,0.4421,3.592,77730.1,77754.35761,-24.2576087,0.005233,2026-09-15 17:00,1561107870535,0.5147387692,중립·박스권 · 계정/포지션 L/S 디버전스(소액↔대형 반대 포지셔닝 가능성)
2026-09-15 12:29:55,77818.7,0.006,103436.922,103223.5→103397.8,8049326802,1.2396→1.3354,2.1062→2.1988,1.1920→1.2671,3.7174,0.4421,3.7174,77818.7,77830.89,-12.19,0.006002,2026-09-15 17:00,1562720325823,0.5150842841,완만한 롱 우위 가능성
2026-09-15 12:39:55,77792.2,0.256,103345.981,103127.0→103339.2,8039511223,1.2507→1.3742,2.1189→2.1965,1.2026→1.2978,1.8085,0.4421,3.7174,77786.01399,77823.13087,-37.11687682,0.006698,2026-09-15 17:00,1563064387588,0.5143429335,중립·박스권 · 계정/포지션 L/S 디버전스(소액↔대형 반대 포지셔닝 가능성)
2026-09-15 12:49:55,77706.8,0.221,103285.507,103190.8→103287.5,8025986235,1.2589→1.3787,2.1227→2.1940,1.2114→1.3031,0.67,0.4421,3.7174,77709.91784,77745.68913,-35.77128935,0.006642,2026-09-15 17:00,1562182871073,0.5137673946,완만한 숏 우위 가능성 · 계정/포지션 L/S 디버전스(소액↔대형 반대 포지셔닝 가능성)
2026-09-15 12:59:55,77623.8,0.117,103308.217,103229.7→103264.7,8019176375,1.2758→1.3798,2.1293→2.1929,1.2306→1.3031,1.2244,0.4421,3.7174,77629.6,77664.66174,-35.06173913,0.006587,2026-09-15 17:00,1559767121811,0.5141265169,완만한 숏 우위 가능성 · 계정/포지션 L/S 디버전스(소액↔대형 반대 포지셔닝 가능성)
2026-09-15 13:09:55,77637.6,0.113,103388.551,103059.1→103251.5,8026838967,1.2821→1.3798,2.1300→2.2045,1.2376→1.3031,1.6588,0.4421,3.7174,77639.65576,77669.36109,-29.70532609,0.007005,2026-09-15 17:00,1560784824066,0.514282228,중립·박스권
2026-09-15 13:19:55,77629.3,0.126,103559.201,103275.9→103482.3,8039228282,1.2889→1.3872,2.1339→2.1826,1.2477→1.3100,0.8541,0.302,3.7174,77629.3,77659.59783,-30.29782609,0.007261,2026-09-15 17:00,1559162415241,0.5156119852,중립·박스권 · 계정/포지션 L/S 디버전스(소액↔대형 반대 포지셔닝 가능성)
2026-09-15 13:29:55,77592.8,0.009,103594.342,103257.5→103582.3,8038175060,1.3175→1.3889,2.1722→2.1898,1.2523→1.3116,0.4026,0.302,3.7174,77598.22356,77623.21196,-24.9883958,0.007377,2026-09-15 17:00,1557932712414,0.5159513627,중립·박스권
2026-09-15 13:39:55,77547.5,0.002,103925.177,103280.0→103824.6,8059137663,1.3218→1.3975,2.1748→2.1818,1.2563→1.3164,1.0879,0.302,3.7174,77547.5,77574.54565,-27.04565217,0.007603,2026-09-15 17:00,1557399767878,0.5174739222,포지션 확대 가능성 · 계정/포지션 L/S 디버전스(소액↔대형 반대 포지셔닝 가능성)
2026-09-15 13:49:55,77581.5,-0.085,104099.197,103125.1→104068.4,8076171852,1.3288→1.4021,2.1794→2.1785,1.2645→1.3207,1.9779,0.302,3.7174,77582.96924,77618.01239,-35.04315592,0.007842,2026-09-15 17:00,1558774986761,0.5181101776,중립·박스권 · 계정/포지션 L/S 디버전스(소액↔대형 반대 포지셔닝 가능성)
2026-09-15 13:59:55,77537,-0.113,104112.47,102976.0→104088.6,8072568586,1.3305→1.4056,2.1786→2.1808,1.2671→1.3245,0.9632,0.302,3.7174,77538.32828,77571.85913,-33.53085507,0.007726,2026-09-15 17:00,1557903182137,0.5181688233,중립·박스권
2026-09-15 14:09:55,77555,-0.011,104130.193,102898.5→104102.1,8075817118,1.3326→1.4125,2.1774→2.1835,1.2701→1.3310,2.8458,0.302,3.7174,77552.02327,77595.69174,-43.66847101,0.007951,2026-09-15 17:00,1558840664680,0.518065592,중립·박스권
2026-09-15 14:19:55,77312.5,-0.28,104161.046,102905.9→104130.7,8052950869,1.3332→1.4313,2.1784→2.2095,1.2691→1.3419,0.368,0.302,3.7174,77300.58384,77340.62804,-40.0442029,0.007737,2026-09-15 17:00,1553717479379,0.5183021351,완만한 숏 우위 가능성
2026-09-15 14:29:55,77431,-0.071,104230.807,102965.4→104199.8,8070695617,1.3359→1.4408,2.1764→2.2157,1.2717→1.3491,1.5601,0.302,3.7174,77433.39069,77453.38891,-19.99822463,0.007941,2026-09-15 17:00,1554524659390,0.5191744993,완만한 롱 우위 가능성
2026-09-15 14:39:55,77382.2,-0.253,104225.233,103301.4→104172.2,8065177825,1.3348→1.4504,2.1894→2.2170,1.2686→1.3585,1.0017,0.302,3.7174,77384,77416.79,-32.79,0.008105,2026-09-15 17:00,1554862909661,0.5187066831,중립·박스권
2026-09-15 14:49:55,77473.5,-0.036,104151.671,103358.7→104149.9,8068994483,1.3326→1.4546,2.1960→2.2160,1.2645→1.3641,1.7491,0.302,3.7174,77467.11554,77498.66,-31.54446027,0.008063,2026-09-15 17:00,1555657034340,0.5186872367,완만한 롱 우위 가능성 · 계정/포지션 L/S 디버전스(소액↔대형 반대 포지셔닝 가능성)
2026-09-15 14:59:55,77590.6,0.041,104297.357,103414.4→104081.5,8092494508,1.3691→1.4685,2.1978→2.2104,1.2925→1.3787,2.0156,0.302,2.8458,77590.6,77631.70804,-41.10804348,0.008145,2026-09-15 17:00,1558523372461,0.5192411388,완만한 롱 우위 가능성 · 계정/포지션 L/S 디버전스(소액↔대형 반대 포지셔닝 가능성)
2026-09-15 15:09:55,77612.1,-0.189,104324.3,103325.0→104300.4,8096828004,1.3776→1.4851,2.1923→2.1933,1.3020→1.3992,1.1667,0.302,2.8458,77609.15701,77657.03826,-47.88124638,0.007974,2026-09-15 17:00,1559699117625,0.519127562,중립·박스권 · 계정/포지션 L/S 디버전스(소액↔대형 반대 포지셔닝 가능성)
2026-09-15 15:19:55,77530,-0.234,104296.146,103265.8→104282.1,8086080199,1.3798→1.4882,2.1932→2.1894,1.3036→1.4015,0.6252,0.302,2.8458,77530,77572.80196,-42.80195652,0.007484,2026-09-15 17:00,1557763644160,0.5190826111,완만한 숏 우위 가능성 · 계정/포지션 L/S 디버전스(소액↔대형 반대 포지셔닝 가능성)
2026-09-15 15:29:55,77379.9,-0.277,104338.66,103250.5→104247.6,8073715077,1.3776→1.4888,2.2045→2.1919,1.3004→1.4010,0.5592,0.302,2.8458,77376.81639,77420.83935,-44.02295653,0.00686,2026-09-15 17:00,1554650155294,0.5193268112,완만한 숏 우위 가능성
2026-09-15 15:39:55,77387.8,-0.081,104416.653,103371.3→104375.9,8080575059,1.3878→1.4900,2.1906→2.2090,1.3111→1.4027,1.5177,0.302,2.8458,77387.87074,77412.98435,-25.1136087,0.006732,2026-09-15 17:00,1554553601375,0.5198003499,중립·박스권
2026-09-15 15:49:55,77305,-0.417,104525.986,103540.2→104393.8,8080381348,1.3872→1.4894,2.1800→2.2205,1.3111→1.4033,2.3599,0.368,2.8458,77305,77350.30652,-45.30652174,0.006839,2026-09-15 17:00,1553823857894,0.5200320041,완만한 숏 우위 가능성 · 계정/포지션 L/S 디버전스(소액↔대형 반대 포지셔닝 가능성)
2026-09-15 15:59:55,77228.9,-0.423,104627.078,103572.9→104530.6,8080234144,1.3918→1.4894,2.1882→2.2315,1.3127→1.3987,0.6581,0.2512,2.8458,77237,77258.48174,-21.48173913,0.006849,2026-09-15 17:00,1550942188934,0.5209887384,중립·박스권
2026-09-15 16:09:55,77222.3,-0.48,104779.799,103908.4→104717.2,8091337072,1.3998→1.4969,2.1828→2.2503,1.3186→1.4044,1.6193,0.2512,2.8458,77222.3,77238.43413,-16.13413043,0.007087,2026-09-15 17:00,1550843388632,0.5217378577,중립·박스권
2026-09-15 16:19:55,77242.4,-0.564,104676.797,104079.2→104770.5,8085487025,1.4038→1.4994,2.1771→2.2694,1.3223→1.4056,0.919,0.2512,2.8458,77242.6,77265.49239,-22.8923913,0.007307,2026-09-15 17:00,1550424420370,0.5215015268,중립·박스권
2026-09-15 16:29:55,77247.7,-0.559,104799.893,104091.1→104731.7,8095550694,1.4085→1.5088,2.1820→2.2826,1.3272→1.4149,1.1742,0.2512,2.8458,77247.7,77277.91522,-30.21521739,0.007623,2026-09-15 17:00,1551876115183,0.5216621749,중립·박스권
2026-09-15 16:39:55,77031.7,-0.908,104449.498,104115.4→104797.7,8045922395,1.4166→1.5145,2.1843→2.2736,1.3348→1.4195,0.4068,0.2512,2.6306,77038.9,77090.17739,-51.2773913,0.007259,2026-09-15 17:00,1549244998722,0.519344739,롱 청산 가능성 · 계정/포지션 L/S 디버전스(소액↔대형 반대 포지셔닝 가능성)
2026-09-15 16:49:55,76989.4,-1.032,104409.13,104143.8→104360.9,8038396273,1.4366→1.5310,2.2146→2.2726,1.3458→1.4319,0.9853,0.2512,2.6306,76988.56048,77030.22478,-41.66430435,0.006606,2026-09-15 17:00,1547598632167,0.5194109187,중립·박스권 · 계정/포지션 L/S 디버전스(소액↔대형 반대 포지셔닝 가능성)
2026-09-15 16:59:55,76896.8,-1.217,104612.984,104210.8→104324.8,8044403708,1.4468→1.5284,2.2169→2.2953,1.3540→1.4290,0.6332,0.2512,2.6306,76898.50317,76925.35391,-26.85073913,0.006197,2026-09-15 17:00,1543980281452,0.5210172568,완만한 숏 우위 가능성 · 계정/포지션 L/S 디버전스(소액↔대형 반대 포지셔닝 가능성)
2026-09-15 17:09:55,76742.6,-1.335,104929.675,104213.9→104738.3,8052576077,1.4528→1.5329,2.2183→2.3112,1.3613→1.4349,0.9399,0.2512,2.3599,76747,76765.95261,-18.9526087,0.006024,2026-09-16 1:00,1542730258853,0.5219691537,신규 숏 유입 가능성
2026-09-15 17:19:55,76767.9,-1.195,104996.252,104131.8→104942.4,8060341774,1.4594→1.5491,2.2166→2.3214,1.3685→1.4504,1.2849,0.2512,2.3599,76768,76789.64196,-21.64195652,0.006142,2026-09-16 1:00,1540572845199,0.5232041963,중립·박스권
2026-09-15 17:29:55,76832.1,-1.216,104885.922,104278.2→105083.9,8058605648,1.4734→1.5654,2.1992→2.3137,1.3849→1.4691,1.3279,0.2512,2.3599,76832.16995,76863.22522,-31.05526811,0.006305,2026-09-16 1:00,1543223132809,0.5221931603,중립·박스권 · 계정/포지션 L/S 디버전스(소액↔대형 반대 포지셔닝 가능성)
2026-09-15 17:39:55,76824.3,-1.131,104908.863,104303.6→104929.7,8059549964,1.4882→1.5846,2.1897→2.3483,1.4021→1.4882,1.2558,0.2512,2.3599,76837.8,76864.285,-26.485,0.006281,2026-09-16 1:00,1543171671904,0.5222717673,중립·박스권
2026-09-15 17:49:55,76900.1,-0.955,104815.396,104275.4→104896.5,8060314434,1.4894→1.5947,2.1896→2.3511,1.4033→1.4994,1.2278,0.2512,2.3599,76879.24839,76909.65304,-30.40465218,0.006491,2026-09-16 1:00,1543608106269,0.5221736269,중립·박스권
2026-09-15 17:59:55,76964.9,-0.931,104643.316,104316.6→104604.7,8053862352,1.4888→1.6082,2.1974→2.3946,1.4004→1.5138,1.5013,0.2512,2.3599,76965.92468,76990.71717,-24.79249275,0.00674,2026-09-16 1:00,1545330870939,0.5211739766,중립·박스권
2026-09-15 18:09:55,76934.3,-1.049,104559.742,104396.5→104577.0,8044230559,1.4894→1.6199,2.2139→2.4021,1.4027→1.5278,0.6864,0.2512,2.3599,76929.56468,76950.56609,-21.0014058,0.006783,2026-09-16 1:00,1544515851171,0.5208253805,중립·박스권
2026-09-15 18:19:55,76875.7,-1.001,104598.499,104553.2→104556.0,8041082830,1.4907→1.6240,2.2235→2.4059,1.4038→1.5323,0.8879,0.2512,1.9758,76876.76257,76910.71565,-33.95307971,0.007007,2026-09-16 1:00,1545197157303,0.5203920284,중립·박스권
2026-09-15 18:29:55,76884.7,-1.003,104761.457,104642.8→104645.5,8054553193,1.4938→1.6288,2.2391→2.4040,1.4021→1.5394,0.6118,0.4068,1.9758,76885.92425,76909.56457,-23.64031485,0.007188,2026-09-16 1:00,1543671295174,0.5217790354,중립·박스권 · 계정/포지션 L/S 디버전스(소액↔대형 반대 포지셔닝 가능성)
2026-09-15 18:39:55,76939,-1.079,104802.442,104762.2→104751.8,8063395085,1.4975→1.6309,2.2684→2.4082,1.4044→1.5426,1.6991,0.3917,1.9758,76939,76963.55696,-24.55695652,0.007546,2026-09-16 1:00,1545227605731,0.5218257204,중립·박스권
2026-09-15 18:49:55,77007.7,-1.136,104803.061,104658.2→104812.5,8070642681,1.5056→1.6357,2.2734→2.4020,1.4108→1.5497,0.926,0.3917,1.9758,77008.41326,77036.17826,-27.765,0.007716,2026-09-16 1:00,1545869968310,0.5220777197,중립·박스권 · 계정/포지션 L/S 디버전스(소액↔대형 반대 포지셔닝 가능성)
2026-09-15 18:59:55,76956.7,-1.527,104886.982,104783.4→104839.7,8071756008,1.5126→1.6546,2.2856→2.4017,1.4184→1.5714,1.5201,0.3917,1.9758,76946.9,76977.27522,-30.37521739,0.007794,2026-09-16 1:00,1546336311271,0.5219922697,중립·박스권 · 계정/포지션 L/S 디버전스(소액↔대형 반대 포지셔닝 가능성)
2026-09-15 19:09:55,77006.7,-1.311,104955.398,104421.2→104894.3,8082268847,1.5291→1.6596,2.2699→2.3953,1.4307→1.5780,0.6047,0.3917,1.6991,77004.92911,77026.86174,-21.93263043,0.007726,2026-09-16 1:00,1544556784185,0.5232743095,중립·박스권 · 계정/포지션 L/S 디버전스(소액↔대형 반대 포지셔닝 가능성)
2026-09-15 19:19:55,76949.9,-1.34,105032.909,104391.8→104991.5,8082271844,1.5284→1.6603,2.2782→2.3951,1.4307→1.5800,1.2365,0.3917,1.7013,76951.29138,76995.37783,-44.08644203,0.007678,2026-09-16 1:00,1546220938015,0.522711318,중립·박스권 · 계정/포지션 L/S 디버전스(소액↔대형 반대 포지셔닝 가능성)
2026-09-15 19:29:55,76863.5,-1.358,105081.814,104593.6→105020.5,8076956010,1.5329→1.6918,2.3053→2.3933,1.4319→1.6062,1.5445,0.3917,1.7013,76863.4,76892.96283,-29.56282609,0.00731,2026-09-16 1:00,1546254134404,0.5223563081,완만한 숏 우위 가능성 · 계정/포지션 L/S 디버전스(소액↔대형 반대 포지셔닝 가능성)
2026-09-15 19:39:55,76915.8,-1.302,105205.598,104905.9→105045.7,8091972735,1.5394→1.6947,2.3188→2.3989,1.4408→1.6082,1.6739,0.3917,1.7013,76915.7,76938.92326,-23.22326087,0.007668,2026-09-16 1:00,1545618319530,0.5235427552,중립·박스권
2026-09-15 19:49:55,77084.2,-1.115,105304.781,104973.1→105275.6,8117334800,1.5530→1.6969,2.3228→2.4011,1.4546→1.6123,2.7644,0.3917,2.7644,77092,77097.63826,-5.63826087,0.008298,2026-09-16 1:00,1547779493713,0.5244503389,완만한 롱 우위 가능성
2026-09-15 19:59:55,77023.7,-1.07,105469.927,104868.2→105249.2,8123684016,1.5720→1.7152,2.3496→2.3910,1.4759→1.6357,0.9943,0.3917,2.7644,77023.7,77048.97783,-25.27782609,0.008474,2026-09-16 1:00,1546743594778,0.5252120677,중립·박스권 · 계정/포지션 L/S 디버전스(소액↔대형 반대 포지셔닝 가능성)
2026-09-15 20:09:55,77171.3,-0.703,105480.816,104888.1→105501.9,8140091696,1.5887→1.7189,2.3480→2.4057,1.4938→1.6385,1.092,0.3917,2.7644,77183.90169,77209.07196,-25.17026811,0.008728,2026-09-16 1:00,1548229025405,0.5257679298,완만한 롱 우위 가능성
2026-09-15 20:19:55,77038.3,-0.922,105545.548,104782.2→105522.1,8131049590,1.6062→1.7285,2.3615→2.4011,1.5113→1.6504,0.6944,0.3917,2.9818,77039.15498,77070.58739,-31.43241304,0.008875,2026-09-16 1:00,1547142979096,0.5255525637,완만한 숏 우위 가능성 · 계정/포지션 L/S 디버전스(소액↔대형 반대 포지셔닝 가능성)
2026-09-16 0:08:18,76010,-3.168,107972.31,105905.9→107909.4,8206975283,1.7367→1.8612,2.4242→2.5237,1.6582→1.7360,1.3259,0.5157,2.2276,76014.6759,76039.16522,-24.48931884,0.01,2026-09-16 1:00,1526529092206,0.5376232477,신규 숏 유입 가능성
2026-09-16 9:28:40,75757.8,-2.851,107519.853,108078.0→107474.8,8145467520,1.9665→1.9806,2.4390→2.4047,1.8011→1.8201,2.0055,0.356,2.1931,75762.6,75798.27304,-35.67304348,0.003432,2026-09-16 17:00,1521774274500,0.5352612182,롱 청산 가능성 · 계정/포지션 L/S 디버전스(소액↔대형 반대 포지셔닝 가능성)
2026-09-16 9:38:40,75829,-2.756,107507.351,108081.5→107500.4,8152174919,1.9586→1.9860,2.4427→2.4060,1.7894→1.8249,1.0713,0.356,2.1931,75824.43294,75856.19652,-31.76357971,0.003401,2026-09-16 17:00,1522027147239,0.5356129773,중립·박스권
2026-09-16 9:48:40,75804.1,-2.722,107454.061,107743.0→107419.8,8145458385,1.9612→1.9904,2.4213→2.4034,1.7941→1.8297,0.7215,0.356,2.1931,75810.50912,75840.04696,-29.53784058,0.003392,2026-09-16 17:00,1521308563156,0.5354244749,중립·박스권 · 계정/포지션 L/S 디버전스(소액↔대형 반대 포지셔닝 가능성)
2026-09-16 9:58:40,75759.6,-2.767,107512.369,107468.4→107489.8,8145094070,1.9727→1.9922,2.4137→2.4057,1.8035→1.8337,0.8406,0.356,2.1931,75765.1,75790.21413,-25.11413043,0.003264,2026-09-16 17:00,1521176233022,0.535447103,중립·박스권
2026-09-16 10:08:40,75700.8,-2.669,107566.782,107614.4→107559.6,8142891451,1.9806→1.9931,2.3854→2.3937,1.8114→1.8353,0.3711,0.356,2.1931,75707.7,75741.485,-33.785,0.003199,2026-09-16 17:00,1520295578630,0.5356123878,중립·박스권 · 계정/포지션 L/S 디버전스(소액↔대형 반대 포지셔닝 가능성)
2026-09-16 10:18:40,75748.7,-2.718,107661.106,107613.6→107630.7,8155188820,1.9797→1.9913,2.3811→2.3934,1.8137→1.8329,1.8379,0.356,2.1931,75748.6,75773.89522,-25.29521739,0.003218,2026-09-16 17:00,1520290880945,0.5364229255,중립·박스권
2026-09-16 10:28:40,75849.7,-2.577,107752.057,107565.1→107753.0,8172961198,1.9860→1.9940,2.3793→2.3961,1.8193→1.8369,1.2452,0.356,2.0788,75851.65178,75873.70391,-22.05213768,0.004202,2026-09-16 17:00,1524220796746,0.5362058578,완만한 롱 우위 가능성
2026-09-16 10:38:40,75561.1,-3.021,107798.807,107445.4→107741.5,8145396436,1.9842→1.9976,2.3962→2.3958,1.8249→1.8417,1.031,0.356,2.0788,75561.1,75595.76935,-34.66934783,0.004007,2026-09-16 17:00,1519486861201,0.5360623144,완만한 숏 우위 가능성 · 계정/포지션 L/S 디버전스(소액↔대형 반대 포지셔닝 가능성)
2026-09-16 10:48:40,75556.6,-3.084,107856.78,107338.2→107808.4,8149291584,1.9869→1.9104,2.4041→2.3336,1.8273→1.8353,2.0178,0.356,2.0788,75558.33501,75593.89022,-35.55521014,0.004152,2026-09-16 17:00,1519224062544,0.5364114343,중립·박스권
2026-09-16 10:58:40,75481.1,-3.093,107812.502,107374.8→107746.7,8137806245,1.9878→1.9053,2.4014→2.3322,1.8289→1.8249,0.2541,0.2541,2.0551,75497.4,75523.02435,-25.62434783,0.004161,2026-09-16 17:00,1515308310292,0.5370396367,중립·박스권
2026-09-16 11:08:40,75604.1,-2.9,107843.649,107459.3→107808.8,8153422023,1.9833→1.9019,2.4020→2.3372,1.8201→1.8217,1.5968,0.2541,2.0551,75596.10515,75625.75652,-29.65137181,0.004475,2026-09-16 17:00,1518159720270,0.5370595672,완만한 롱 우위 가능성 · 계정/포지션 L/S 디버전스(소액↔대형 반대 포지셔닝 가능성)
2026-09-16 11:18:40,75763.6,-2.782,107945.11,107472.5→107915.3,8178310136,1.9824→1.9019,2.4005→2.3393,1.8193→1.8201,2.1585,0.2541,2.1585,75741.63363,75776.60848,-34.97484783,0.004677,2026-09-16 17:00,1519835500701,0.5381049549,완만한 롱 우위 가능성
2026-09-16 11:28:40,75902.6,-2.642,107988.395,107491.9→107917.4,8196599950,1.9824→1.9070,2.3995→2.3355,1.8177→1.8273,0.8297,0.2541,2.1585,75905.71909,75916.00152,-10.28243478,0.005138,2026-09-16 17:00,1522713306919,0.5382891128,완만한 롱 우위 가능성 · 계정/포지션 L/S 디버전스(소액↔대형 반대 포지셔닝 가능성)
2026-09-16 11:38:40,75994.8,-2.382,107893.258,107492.9→107938.9,8199326563,1.9780→1.9061,2.4013→2.3352,1.8161→1.8313,1.4974,0.2541,2.1585,76000.83743,76027.45196,-26.61452174,0.005527,2026-09-16 17:00,1526368790937,0.537178604,완만한 롱 우위 가능성
2026-09-16 11:48:40,75923.2,-2.446,107971.544,107504.4→107948.5,8197545129,1.9797→1.8977,2.4047→2.3371,1.8169→1.8257,0.7064,0.2541,2.1585,75923.41508,75956.545,-33.12992029,0.0056,2026-09-16 17:00,1524954648015,0.5375599294,중립·박스권 · 계정/포지션 L/S 디버전스(소액↔대형 반대 포지셔닝 가능성)
2026-09-16 11:58:40,75817.1,-2.652,107966.413,107497.1→107926.0,8185700331,1.9833→1.8952,2.4063→2.3419,1.8233→1.8249,0.8018,0.2541,2.1585,75822.83535,75852.81652,-29.98117391,0.005725,2026-09-16 17:00,1523855646059,0.5371703253,완만한 숏 우위 가능성 · 계정/포지션 L/S 디버전스(소액↔대형 반대 포지셔닝 가능성)
2026-09-16 12:08:40,75814.2,-2.546,108036.147,107486.8→108039.5,8190674056,1.9878→1.8977,2.4056→2.3420,1.8281→1.8249,1.7494,0.2541,2.1585,75822.9,75854.04391,-31.14391304,0.006145,2026-09-16 17:00,1524108080810,0.5374076917,중립·박스권
2026-09-16 12:18:40,76015.7,-2.179,108033.375,107475.4→107956.0,8212232624,1.9922→1.8969,2.4046→2.3456,1.8337→1.8225,0.761,0.2541,2.1585,76020.16753,76031.52587,-11.35833584,0.006495,2026-09-16 17:00,1524748762288,0.5385957888,완만한 롱 우위 가능성 · 계정/포지션 L/S 디버전스(소액↔대형 반대 포지셔닝 가능성)
2026-09-16 12:28:40,75881.3,-2.475,108118.97,107507.2→108083.8,8204207998,1.9904→1.9011,2.4029→2.3468,1.8321→1.8289,1.0263,0.2541,2.1585,75878.4,75921.34043,-42.94043478,0.006831,2026-09-16 17:00,1525783282124,0.5377046724,완만한 숏 우위 가능성
2026-09-16 12:38:40,75753.1,-2.632,108068.164,107536.9→108082.7,8186498434,1.9940→1.8994,2.3948→2.3434,1.8353→1.8289,1.2364,0.2541,2.1585,75751.2,75794.45978,-43.25978261,0.006359,2026-09-16 17:00,1522462023294,0.5377144591,완만한 숏 우위 가능성
2026-09-16 12:48:40,75773.7,-2.537,108053.014,107644.8→108064.2,8187576667,1.9922→1.8969,2.3940→2.3443,1.8337→1.8249,0.4182,0.2541,2.1585,75773.7,75799.63174,-25.93173913,0.006366,2026-09-16 17:00,1521851218721,0.5380011243,중립·박스권 · 계정/포지션 L/S 디버전스(소액↔대형 반대 포지셔닝 가능성)
2026-09-16 12:58:40,75794.8,-2.39,108066.387,107723.5→108041.6,8190870189,1.9976→1.8986,2.3943→2.3450,1.8425→1.8249,0.5492,0.2541,2.1585,75798.86402,75826.10435,-27.24032609,0.006376,2026-09-16 17:00,1521054438173,0.5384994767,중립·박스권
2026-09-16 13:08:40,75852.1,-2.303,108006.241,107785.7→108014.6,8192500193,1.9095→1.9011,2.3368→2.3479,1.8353→1.8281,2.1795,0.2541,2.1795,75852.2,75887.54826,-35.34826087,0.006654,2026-09-16 17:00,1523068009089,0.5378945749,중립·박스권
2026-09-16 13:18:40,75837.7,-2.288,107982.501,107836.5→107956.9,8189144516,1.9095→1.9002,2.3357→2.3448,1.8353→1.8281,0.8448,0.2541,2.1795,75837.6,75870.71239,-33.1123913,0.006537,2026-09-16 17:00,1522838736483,0.5377552015,중립·박스권
2026-09-16 13:28:40,75857.3,-2.223,108038.256,107802.5→108003.2,8195490397,1.9002→1.9028,2.3358→2.3435,1.8209→1.8297,1.6436,0.4182,2.1795,75857.21987,75898.01087,-40.791,0.00651,2026-09-16 17:00,1524682189425,0.537521226,중립·박스권 · 계정/포지션 L/S 디버전스(소액↔대형 반대 포지셔닝 가능성)
2026-09-16 13:38:40,75907.6,-2.079,107954.604,107826.0→107920.3,8194574899,1.9044→1.9070,2.3391→2.3416,1.8225→1.8337,2.1505,0.3033,2.1795,75919.2,75931.37261,-12.1726087,0.006548,2026-09-16 17:00,1523911150877,0.5377331148,중립·박스권 · 계정/포지션 L/S 디버전스(소액↔대형 반대 포지셔닝 가능성)
2026-09-16 13:48:40,75888.6,-2.182,107921.639,107899.9→107897.6,8190022093,1.9061→1.9112,2.3388→2.3427,1.8265→1.8377,1.1901,0.3033,2.1795,75888.64728,75927.41022,-38.76293478,0.006911,2026-09-16 17:00,1524812517342,0.5371166619,중립·박스권
2026-09-16 13:58:40,75825.6,-2.216,107772.594,108006.0→107852.2,8171921604,1.9061→1.9104,2.3322→2.3353,1.8265→1.8345,1.1072,0.3033,2.1795,75825.6,75855.6763,-30.07630435,0.00649,2026-09-16 17:00,1521974630001,0.5369288977,중립·박스권
2026-09-16 14:08:40,75690.8,-2.439,107632.627,107873.8→107614.4,8146799644,1.9087→1.9138,2.3356→2.3375,1.8361→1.8361,0.3045,0.3033,2.1795,75711.44772,75741.27087,-29.82314493,0.006253,2026-09-16 17:00,1519649847060,0.5360971581,완만한 숏 우위 가능성
2026-09-16 14:18:40,75813.5,-1.901,107624.926,107934.3→107609.6,8159422327,1.8944→1.9138,2.3385→2.3384,1.8225→1.8361,0.8781,0.3033,2.1795,75813.5,75841.01283,-27.51282609,0.006338,2026-09-16 17:00,1521515034626,0.5362695827,완만한 롱 우위 가능성
2026-09-16 14:28:40,75828.8,-2.057,107592.08,107926.3→107585.3,8158578316,1.8935→1.9146,2.3445→2.3402,1.8209→1.8369,0.8824,0.3033,2.1795,75820.45877,75860.31022,-39.85144927,0.006335,2026-09-16 17:00,1523526037597,0.5355063264,중립·박스권
2026-09-16 14:38:40,75881.5,-1.929,107716.752,107978.8→107692.2,8173708717,1.8977→1.9121,2.3424→2.3447,1.8241→1.8329,3.2718,0.3033,3.2718,75886.4,75913.14804,-26.74804348,0.006206,2026-09-16 17:00,1522816742949,0.5367493334,중립·박스권 · 계정/포지션 L/S 디버전스(소액↔대형 반대 포지셔닝 가능성)
2026-09-16 14:48:40,75898.3,-2.004,107686.265,108049.0→107689.9,8173204447,1.8986→1.9104,2.3466→2.3426,1.8265→1.8337,2.3652,0.3033,3.2718,75899.22709,75941.77413,-42.54703623,0.006054,2026-09-16 17:00,1524686026118,0.5360581987,중립·박스권
2026-09-16 14:58:40,75901.5,-2.224,107616.322,108089.3→107629.5,8168240264,1.9011→1.9112,2.3457→2.3420,1.8297→1.8345,0.2723,0.2723,3.2718,75901.4,75940.10217,-38.70217391,0.005904,2026-09-16 17:00,1523620780367,0.5361071711,중립·박스권 · 계정/포지션 L/S 디버전스(소액↔대형 반대 포지셔닝 가능성)
2026-09-16 15:08:40,75982.8,-2.122,107618.435,108035.7→107606.6,8177150023,1.8952→1.9095,2.3441→2.3399,1.8233→1.8329,0.8673,0.2723,3.2718,75979.4,76012.04413,-32.64413043,0.005838,2026-09-16 17:00,1525053854031,0.5361876239,완만한 롱 우위 가능성
2026-09-16 15:18:40,75973.6,-2.04,107696.033,108038.0→107654.0,8182055333,1.8977→1.9070,2.3444→2.3368,1.8249→1.8297,1.3239,0.2723,3.2718,75973.6,76004.62413,-31.02413043,0.00576,2026-09-16 17:00,1524689147730,0.5366376054,중립·박스권
2026-09-16 15:28:40,75867.8,-1.929,107719.78,108053.5→107710.5,8172462725,1.8994→1.9070,2.3451→2.3377,1.8265→1.8305,0.2297,0.2297,3.2718,75867.8,75916.34826,-48.54826087,0.005349,2026-09-16 17:00,1523621608138,0.536384013,완만한 숏 우위 가능성
2026-09-16 15:38:40,75787.4,-2.082,107659.649,107971.9→107650.3,8159244883,1.9002→1.9044,2.3456→2.3399,1.8273→1.8273,1.5286,0.2297,3.2718,75794.47978,75840.9237,-46.44391304,0.00489,2026-09-16 17:00,1523391434207,0.535597398,완만한 숏 우위 가능성 · 계정/포지션 L/S 디버전스(소액↔대형 반대 포지셔닝 가능성)
2026-09-16 15:48:40,75938.3,-1.814,107634.98,107970.6→107603.1,8173617402,1.9036→1.9002,2.3449→2.3405,1.8305→1.8233,1.2725,0.2297,3.2718,75944,75975.84043,-31.84043478,0.004598,2026-09-16 17:00,1523951718083,0.5363435931,완만한 롱 우위 가능성 · 계정/포지션 L/S 디버전스(소액↔대형 반대 포지셔닝 가능성)
2026-09-16 15:58:40,75908.2,-1.71,107608.727,107936.4→107596.7,8168384771,1.9078→1.9011,2.3427→2.3470,1.8353→1.8233,0.6194,0.2297,3.2718,75910.38354,75943.4513,-33.06776087,0.00466,2026-09-16 17:00,1524142856906,0.5359330153,중립·박스권
2026-09-16 16:08:40,75980.2,-1.544,107534.486,107929.8→107488.2,8170491753,1.9078→1.9036,2.3419→2.3557,1.8337→1.8281,1.0793,0.2297,3.2718,75978.10199,76016.63304,-38.53104948,0.004785,2026-09-16 17:00,1526820438072,0.535131149,중립·박스권
2026-09-16 16:18:40,75854.1,-1.743,107631.086,107913.8→107585.8,8164259161,1.9112→1.9036,2.3410→2.3463,1.8369→1.8265,0.7692,0.2297,3.2718,75854.2,75895.33978,-41.13978261,0.004503,2026-09-16 17:00,1523221876740,0.5359862069,완만한 숏 우위 가능성
2026-09-16 16:28:40,75784.6,-1.899,107625.513,107752.9→107630.5,8156356452,1.9095→1.8994,2.3361→2.3487,1.8345→1.8225,1.5665,0.2297,3.2718,75789.05637,75829.76674,-40.71036732,0.004119,2026-09-16 17:00,1522333729985,0.5357797894,중립·박스권 · 계정/포지션 L/S 디버전스(소액↔대형 반대 포지셔닝 가능성)
2026-09-16 16:38:40,75810,-1.7,107594.094,107611.9→107593.9,8156708266,1.9138→1.8994,2.3379→2.3481,1.8361→1.8217,0.5427,0.2297,3.2718,75813.76022,75852.14217,-38.38194927,0.003673,2026-09-16 17:00,1521870086286,0.535966134,중립·박스권
2026-09-16 16:48:40,75831.6,-1.51,107524.64,107601.6→107512.2,8153765491,1.9138→1.8994,2.3388→2.3435,1.8345→1.8225,0.5856,0.2297,3.2718,75833.37432,75866.95891,-33.5845942,0.003296,2026-09-16 17:00,1521908874834,0.5357591131,중립·박스권
2026-09-16 16:58:40,75725.1,-1.474,107437.178,107576.4→107475.7,8135691048,1.9146→1.8977,2.3409→2.3416,1.8369→1.8185,0.8333,0.2297,3.2718,75725.2,75768.56609,-43.36608696,0.002912,2026-09-16 17:00,1521389065443,0.5347541423,완만한 숏 우위 가능성
2026-09-16 17:08:40,75487.6,-1.672,107426.521,107692.5→107433.2,8109370247,1.9129→1.8918,2.3461→2.3366,1.8345→1.8098,0.5885,0.2297,2.3652,75471.71935,75516.3587,-44.63934782,0.002354,2026-09-17 1:00,1517279663954,0.5344677345,완만한 숏 우위 가능성
2026-09-16 17:18:40,75504.8,-1.569,107425.642,107668.5→107412.0,8111151614,1.9121→1.8893,2.3424→2.3360,1.8353→1.8066,0.5871,0.2297,1.9717,75500,75548.48826,-48.48826087,0.001912,2026-09-17 1:00,1516585440801,0.5348298484,중립·박스권
2026-09-16 17:28:40,75411.1,-1.848,107311.864,107598.8→107384.7,8092505707,1.9078→1.8918,2.3402→2.3359,1.8313→1.8043,0.5794,0.2297,1.9717,75414.7,75446.17543,-31.47543478,0.001347,2026-09-17 1:00,1513915242588,0.5345415304,완만한 숏 우위 가능성 · 계정/포지션 L/S 디버전스(소액↔대형 반대 포지셔닝 가능성)
2026-09-16 17:38:40,75500.1,-1.696,107333.061,107596.6→107299.8,8103656839,1.9087→1.9087,2.3394→2.3274,1.8321→1.8161,1.1281,0.2297,1.9717,75500.66709,75534.53087,-33.86377537,0.001117,2026-09-17 1:00,1515504997547,0.5347166028,완만한 롱 우위 가능성 · 계정/포지션 L/S 디버전스(소액↔대형 반대 포지셔닝 가능성)
2026-09-16 17:48:40,75506.5,-1.774,107363.779,107698.6→107339.7,8106663179,1.9061→1.9138,2.3380→2.3240,1.8297→1.8217,0.8001,0.2297,1.9717,75506.59031,75547.58478,-40.99447102,0.000919,2026-09-17 1:00,1516206454118,0.5346675024,중립·박스권 · 계정/포지션 L/S 디버전스(소액↔대형 반대 포지셔닝 가능성)
2026-09-16 17:58:40,75669,-1.636,107355.855,107686.9→107351.0,8123510192,1.9061→1.9163,2.3369→2.3268,1.8297→1.8241,3.533,0.2782,3.533,75670.65601,75709.18283,-38.52681884,0.00079,2026-09-17 1:00,1519137512404,0.5347448882,완만한 롱 우위 가능성
2026-09-16 18:08:40,75793.9,-1.413,107156.036,107606.7→107306.1,8121773877,1.9011→1.9197,2.3414→2.3263,1.8241→1.8289,1.9452,0.2782,3.533,75793.98666,75829.37891,-35.39224887,0.000851,2026-09-17 1:00,1523564043570,0.5330772875,완만한 롱 우위 가능성 · 계정/포지션 L/S 디버전스(소액↔대형 반대 포지셔닝 가능성)
2026-09-16 18:18:40,75781.2,-1.495,107070.358,107620.7→107060.4,8113920214,1.9011→1.9095,2.3420→2.3177,1.8241→1.8209,0.3658,0.2782,3.533,75779.81738,75809.82109,-30.00371015,0.000781,2026-09-17 1:00,1521687501772,0.5332185619,중립·박스권
2026-09-16 18:28:40,75822.6,-1.319,107082.766,107573.3→107049.0,8119293733,1.8986→1.9070,2.3458→2.3153,1.8217→1.8185,0.9606,0.2782,3.533,75818.74403,75853.59674,-34.85271014,0.000893,2026-09-17 1:00,1522176422428,0.5334003085,중립·박스권
2026-09-16 18:38:40,75882,-1.337,107089.903,107566.9→107062.0,8126196019,1.9061→1.9070,2.3516→2.3241,1.8305→1.8185,0.2832,0.2782,3.533,75880.6,75907.09826,-26.49826087,0.001132,2026-09-17 1:00,1522621806013,0.5336975989,중립·박스권
2026-09-16 18:48:40,75895.2,-1.393,107042.874,107605.8→107083.5,8124040331,1.9044→1.9053,2.3481→2.3205,1.8265→1.8185,0.8178,0.2832,3.533,75909.9,75931.55848,-21.65847826,0.001575,2026-09-17 1:00,1523493931464,0.5332505869,중립·박스권
2026-09-16 18:58:40,75945.1,-1.316,107059.806,107596.1→107031.4,8130667673,1.9002→1.9036,2.3486→2.3323,1.8233→1.8185,1.2471,0.2832,3.533,75960,75988.70978,-28.70978261,0.001927,2026-09-17 1:00,1524746748846,0.5332470903,중립·박스권 · 계정/포지션 L/S 디버전스(소액↔대형 반대 포지셔닝 가능성)
2026-09-16 19:08:40,75978.9,-1.223,106932.495,107549.6→106957.6,8124613344,1.8994→1.8977,2.3471→2.3284,1.8217→1.8129,1.5662,0.2832,3.533,75978.9,76010.86087,-31.96086957,0.00202,2026-09-17 1:00,1525040841515,0.5327472631,중립·박스권
2026-09-16 19:18:40,75965.9,-1.317,106953.16,107494.0→106956.5,8124793057,1.8986→1.8868,2.3418→2.3330,1.8201→1.8011,0.8962,0.2832,3.533,75965.8,75987.58435,-21.78434783,0.002207,2026-09-17 1:00,1524434189655,0.5329710598,중립·박스권 · 계정/포지션 L/S 디버전스(소액↔대형 반대 포지셔닝 가능성)
2026-09-16 19:28:40,75915.6,-1.282,106950.719,107416.5→106900.3,8119228003,1.8960→1.8827,2.3412→2.3319,1.8169→1.7972,0.478,0.2832,3.533,75919.6628,75953.38717,-33.72437681,0.002428,2026-09-17 1:00,1524361455361,0.5326314159,중립·박스권
2026-09-16 19:38:40,75938.2,-1.286,107029.014,107401.4→106975.7,8127590671,1.8868→1.8777,2.3445→2.3333,1.8019→1.7902,1.6716,0.2832,3.533,75938.2,75971.23543,-33.03543478,0.002701,2026-09-17 1:00,1524715362733,0.5330562589,중립·박스권 · 계정/포지션 L/S 디버전스(소액↔대형 반대 포지셔닝 가능성)
2026-09-16 19:48:40,75927.5,-1.472,107028.756,107423.7→107019.4,8126425871,1.8918→1.8777,2.3372→2.3343,1.8074→1.7894,2.3094,0.2832,3.533,75927.6022,75967.12087,-39.51866667,0.002945,2026-09-17 1:00,1525105332018,0.5328435814,중립·박스권
2026-09-16 19:58:40,75889.1,-1.494,107079.361,107306.6→107009.1,8126156335,1.9070→1.8769,2.3280→2.3336,1.8153→1.7878,0.3501,0.2832,3.533,75889.1,75915.65283,-26.55282609,0.002779,2026-09-17 1:00,1523816132268,0.5332766968,중립·박스권
2026-09-16 20:08:40,75892.9,-1.552,107130.591,107312.8→107122.4,8130451230,1.9121→1.8703,2.3284→2.3379,1.8185→1.7809,1.598,0.2832,3.533,75891.4,75914.7263,-23.32630435,0.003028,2026-09-17 1:00,1524627804530,0.5332744953,중립·박스권 · 계정/포지션 L/S 디버전스(소액↔대형 반대 포지셔닝 가능성)
2026-09-16 20:18:40,75907.1,-1.499,107031.058,107346.7→107095.4,8124417223,1.9163→1.8653,2.3248→2.3368,1.8225→1.7755,1.1547,0.2832,3.533,75904.76536,75932.9737,-28.20833333,0.00332,2026-09-17 1:00,1523333704772,0.5333314163,중립·박스권
2026-09-16 20:28:40,75946.8,-1.321,107042.11,107332.8→107020.8,8129505720,1.9206→1.8662,2.3269→2.3354,1.8289→1.7770,0.5929,0.2832,2.4939,75946.99886,75970.15891,-23.16005797,0.003787,2026-09-17 1:00,1523959957329,0.53344615,중립·박스권 · 계정/포지션 L/S 디버전스(소액↔대형 반대 포지셔닝 가능성)
2026-09-16 20:38:40,75944.7,-1.232,107037.061,107133.6→107016.6,8128897487,1.9138→1.8653,2.3196→2.3430,1.8241→1.7755,1.4341,0.2832,2.7487,75953.68904,75991.65848,-37.96943778,0.004507,2026-09-17 1:00,1526260264916,0.5326023139,중립·박스권 · 계정/포지션 L/S 디버전스(소액↔대형 반대 포지셔닝 가능성)
2026-09-16 20:48:40,76184,-0.842,106684.657,107049.4→106693.7,8127663909,1.9070→1.8902,2.3152→2.3700,1.8169→1.8121,1.8425,0.2832,2.7487,76179.36101,76210.32913,-30.96812318,0.004734,2026-09-17 1:00,1529410606706,0.531424581,숏 커버링 가능성
2026-09-16 20:58:40,76196.6,-0.935,106650.257,107064.2→106617.0,8126386973,1.9078→1.8910,2.3160→2.3665,1.8185→1.8161,1.321,0.2832,2.7487,76195.71046,76228.79348,-33.08301449,0.004877,2026-09-17 1:00,1530414839371,0.5309924318,중립·박스권 · 계정/포지션 L/S 디버전스(소액↔대형 반대 포지셔닝 가능성)
2026-09-16 21:08:40,76160,-0.935,106716.065,107061.8→106712.9,8127495510,1.9061→1.8918,2.3235→2.3596,1.8185→1.8177,1.1632,0.3501,2.7487,76160.99872,76205.265,-44.26627536,0.004844,2026-09-17 1:00,1530087892969,0.5311783426,중립·박스권 · 계정/포지션 L/S 디버전스(소액↔대형 반대 포지셔닝 가능성)
2026-09-16 21:18:40,76060.1,-1.149,106526.657,107027.4→106520.7,8102428184,1.9036→1.8852,2.3313→2.3509,1.8161→1.8114,0.3243,0.3243,2.7487,76052.13248,76098.85109,-46.7186087,0.004723,2026-09-17 1:00,1527647552461,0.5303859631,완만한 숏 우위 가능성
2026-09-16 21:28:40,75891.8,-1.339,106387.47,107029.0→106362.3,8073936596,1.9036→1.8818,2.3315→2.3449,1.8177→1.8058,0.4426,0.3243,2.7487,75892.81157,75934.42304,-41.61147826,0.004564,2026-09-17 1:00,1525333167598,0.5293228238,완만한 숏 우위 가능성
2026-09-16 21:38:40,75909.7,-1.303,106314.42,106903.0→106281.1,8070295728,1.8927→1.8736,2.3289→2.3474,1.8082→1.7925,0.8791,0.3243,2.7487,75909.7,75951.5137,-41.81369565,0.004567,2026-09-17 1:00,1524933752836,0.5292227097,중립·박스권 · 계정/포지션 L/S 디버전스(소액↔대형 반대 포지셔닝 가능성)
2026-09-16 21:48:40,75959.8,-1.23,106318.148,106931.0→106304.6,8075905258,1.8827→1.8744,2.3318→2.3449,1.7972→1.7949,0.7751,0.3243,2.7487,75959.7,75982.67478,-22.97478261,0.004535,2026-09-17 1:00,1524255461823,0.5298262306,중립·박스권 · 계정/포지션 L/S 디버전스(소액↔대형 반대 포지셔닝 가능성)
2026-09-16 21:58:40,75891.9,-1.291,106475.088,106942.3→106422.8,8080596731,1.8794→1.8736,2.3323→2.3491,1.7925→1.7941,3.4807,0.3243,3.4807,75892.43397,75942.32674,-49.89276812,0.004306,2026-09-17 1:00,1524122783295,0.5301801679,중립·박스권 · 계정/포지션 L/S 디버전스(소액↔대형 반대 포지셔닝 가능성)
2026-09-16 22:08:40,75710.1,-1.687,106614.636,107003.9→106595.0,8071804753,1.8760→1.8711,2.3341→2.3713,1.7878→1.7871,0.3952,0.3243,3.4807,75717.8,75747.54413,-29.74413043,0.004113,2026-09-17 1:00,1521160439490,0.5306346749,완만한 숏 우위 가능성 · 계정/포지션 L/S 디버전스(소액↔대형 반대 포지셔닝 가능성)
2026-09-16 22:18:40,75823.6,-1.468,106678.452,107016.1→106594.5,8088744273,1.8794→1.8711,2.3344→2.3745,1.7902→1.7878,0.8616,0.3243,3.4807,75830.12391,75854.86,-24.73608696,0.004138,2026-09-17 1:00,1520900712248,0.5318390746,완만한 롱 우위 가능성
2026-09-16 22:28:40,75785.6,-1.431,106670.108,107132.1→106660.7,8084058137,1.8694→1.8719,2.3370→2.3744,1.7801→1.7878,0.922,0.3243,3.4807,75789,75817.96891,-28.96891304,0.00398,2026-09-17 1:00,1521622007900,0.5312789967,중립·박스권 · 계정/포지션 L/S 디버전스(소액↔대형 반대 포지셔닝 가능성)
2026-09-16 22:38:40,75561.1,-1.198,106680.065,107099.8→106687.5,8060863059,1.8670→1.8760,2.3378→2.3705,1.7785→1.7917,0.7418,0.3243,3.4807,75569.9,75602.44478,-32.54478261,0.003788,2026-09-17 1:00,1518941651627,0.5306894475,완만한 숏 우위 가능성 · 계정/포지션 L/S 디버전스(소액↔대형 반대 포지셔닝 가능성)
2026-09-16 22:48:40,75830.2,-0.562,106903.902,107010.0→106784.7,8106544269,1.8637→1.8802,2.3333→2.3762,1.7747→1.7949,1.5062,0.3243,3.4807,75849.2,75873.89804,-24.69804348,0.003862,2026-09-17 1:00,1519936069725,0.5333477132,완만한 롱 우위 가능성
2026-09-16 22:58:40,75715.5,-0.937,106923.603,107017.8→106916.8,8095774063,1.8637→1.8877,2.3416→2.3645,1.7747→1.8066,0.6576,0.3243,3.4807,75717.20169,75744.71565,-27.51396376,0.003825,2026-09-17 1:00,1520436143660,0.5324639313,완만한 숏 우위 가능성 · 계정/포지션 L/S 디버전스(소액↔대형 반대 포지셔닝 가능성)
2026-09-16 23:08:40,75537.1,-1.015,107051.289,107015.8→106959.4,8086343922,1.8711→1.8918,2.3426→2.3606,1.7824→1.8066,0.6864,0.3243,3.4807,75533.73273,75559.85587,-26.12313769,0.003615,2026-09-17 1:00,1518093182373,0.5326645305,완만한 숏 우위 가능성 · 계정/포지션 L/S 디버전스(소액↔대형 반대 포지셔닝 가능성)
2026-09-16 23:18:40,75654.2,-0.877,107204.63,106671.4→107161.2,8110480519,1.8877→1.8902,2.3645→2.3522,1.8106→1.8035,0.5753,0.3243,3.4807,75656.75358,75662.27109,-5.51750375,0.003985,2026-09-17 1:00,1517996048111,0.5342886452,완만한 롱 우위 가능성
2026-09-16 23:28:40,75769.9,-0.869,107223.425,106614.1→107219.1,8124308190,1.8910→1.8960,2.3651→2.3526,1.8161→1.8106,1.2107,0.3243,3.4807,75771.2846,75785.15522,-13.87062219,0.004385,2026-09-17 1:00,1519791225816,0.5345673835,완만한 롱 우위 가능성
2026-09-16 23:38:40,75690.3,-0.522,107285.704,106671.1→107267.9,8120487121,1.8885→1.9002,2.3564→2.3573,1.8153→1.8177,0.9255,0.3243,3.4807,75695.3,75723.77587,-28.47586957,0.004601,2026-09-17 1:00,1520468222819,0.5340780557,완만한 숏 우위 가능성
2026-09-16 23:48:40,75600,-0.253,107346.775,106503.9→107279.9,8115416190,1.8794→1.9028,2.3480→2.3614,1.8058→1.8193,1.4125,0.3952,3.4807,75595.31305,75639.39457,-44.0815145,0.004773,2026-09-17 1:00,1519871648620,0.5339540479,완만한 숏 우위 가능성
2026-09-16 23:58:40,75576,-0.47,107382.554,106376.9→107347.2,8115543901,1.8760→1.9036,2.3392→2.3583,1.7980→1.8193,0.8371,0.3952,3.4807,75576.24718,75609.795,-33.54781884,0.004603,2026-09-17 1:00,1517421188439,0.5348247384,중립·박스권 · 계정/포지션 L/S 디버전스(소액↔대형 반대 포지셔닝 가능성)
2026-09-17 0:08:40,75585.3,-0.597,107363.437,106300.2→107362.9,8115097595,1.8744→1.9019,2.3457→2.3538,1.7949→1.8193,1.3267,0.3952,3.4807,75571.86269,75625.11174,-53.24905072,0.005012,2026-09-17 1:00,1519368891365,0.5341097637,중립·박스권
2026-09-17 0:18:40,75654.9,-0.48,107348.189,106303.1→107374.6,8121416504,1.8760→1.8994,2.3448→2.3558,1.7964→1.8169,1.1828,0.3952,3.4807,75659.38636,75698.5687,-39.18234058,0.004861,2026-09-17 1:00,1519687900063,0.5344134479,중립·박스권 · 계정/포지션 L/S 디버전스(소액↔대형 반대 포지셔닝 가능성)
2026-09-17 0:28:40,75661.7,-0.948,107314.779,106427.0→107295.8,8119618614,1.8727→1.9011,2.3510→2.3490,1.7917→1.8185,1.3697,0.3952,2.8329,75665.35551,75698.205,-32.84948551,0.004912,2026-09-17 1:00,1520692511211,0.5339421714,중립·박스권 · 계정/포지션 L/S 디버전스(소액↔대형 반대 포지셔닝 가능성)
2026-09-17 0:38:40,75695.8,-0.798,107290.234,106594.6→107291.2,8121420095,1.8711→1.9044,2.3735→2.3434,1.7863→1.8217,1.0252,0.4902,2.8329,75695.8,75733.28413,-37.48413043,0.005069,2026-09-17 1:00,1519057618594,0.534635421,중립·박스권 · 계정/포지션 L/S 디버전스(소액↔대형 반대 포지셔닝 가능성)
